{
  "project_info": {
    "project_number": "76594160937",
    "firebase_url": "https://ordinal-brace-245103-default-rtdb.firebaseio.com",
    "project_id": "ordinal-brace-245103",
    "storage_bucket": "ordinal-brace-245103.appspot.com"
  },
  "client": [
    {
      "client_info": {
        "mobilesdk_app_id": "1:76594160937:android:583c297b0286f4d28b0338",
        "android_client_info": {
          "package_name": "com.example.employee"
        }
      },
      "oauth_client": [
        {
          "client_id": "76594160937-0gu464hugirkon3nu7klbreflobc3qqa.apps.googleusercontent.com",
          "client_type": 3
        }
      ],
      "api_key": [
        {
          "current_key": "AIzaSyBHY3_Aj6GnqW3LjBqgdmYNDVzstYgSLz0"
        }
      ],
      "services": {
        "appinvite_service": {
          "other_platform_oauth_client": [
            {
              "client_id": "76594160937-0gu464hugirkon3nu7klbreflobc3qqa.apps.googleusercontent.com",
              "client_type": 3
            }
          ]
        }
      }
    }
  ],
  "configuration_version": "1"
}